ROUGE 	 Recall (avg) 	 Precision (avg) 	 F-Score (avg)
ROUGE-L+StopWordRemoval 	 0.08455008935824534 	 0.10074714053614912 	 0.991876523151909 
ROUGE-1+StopWordRemoval 	 0.11475173030056814 	 0.1465659910641755 	 0.9995938261575954 
ROUGE-2+StopWordRemoval 	 0.004775406173842406 	 0.006136803411860266 	 0.9995938261575954 
ROUGE-SU4+StopWordRemoval 	 0.03009425670186845 	 0.03911260763606825 	 0.9995938261575954 
