ROUGE 	 Recall (avg) 	 Precision (avg) 	 F-Score (avg)
ROUGE-L 	 0.08451881803411862 	 0.10066116978066582 	 0.991876523151909 
ROUGE-1 	 0.11472037774167292 	 0.14644049147034932 	 0.9995938261575954 
ROUGE-2 	 0.004773797725426484 	 0.0061302721364744 	 0.9995938261575954 
ROUGE-SU4 	 0.030084878147847327 	 0.03907572705117788 	 0.9995938261575954 
