ROUGE 	 Recall (avg) 	 Precision (avg) 	 F-Score (avg)
ROUGE-L 	 0.11939848083623666 	 0.10051014634146331 	 1.0 
ROUGE-1 	 0.05878010452961668 	 0.08124785365853653 	 1.0 
ROUGE-2 	 0.001776494773519164 	 0.002415637630662021 	 1.0 
ROUGE-SU4 	 0.015338034843205542 	 0.021110627177700347 	 1.0 
