ROUGE 	 Recall (avg) 	 Precision (avg) 	 F-Score (avg)
ROUGE-L+StopWordRemoval 	 0.11940542857142832 	 0.10052592334494759 	 1.0 
ROUGE-1+StopWordRemoval 	 0.058778501742160226 	 0.081254668989547 	 1.0 
ROUGE-2+StopWordRemoval 	 0.001777080139372823 	 0.002416550522648083 	 1.0 
ROUGE-SU4+StopWordRemoval 	 0.015339470383275228 	 0.021114585365853655 	 1.0 
